concessionaria_id,concessionaria
1,Concessionaria_01
2,Concessionaria_02
3,Concessionaria_03
4,Concessionaria_04
5,Concessionaria_05
6,Concessionaria_06
7,Concessionaria_07
8,Concessionaria_08
9,Concessionaria_09
10,Concessionaria_10
11,Concessionaria_11
12,Concessionaria_12
13,Concessionaria_13
14,Concessionaria_14
15,Concessionaria_15
16,Concessionaria_16
17,Concessionaria_17
18,Concessionaria_18
19,Concessionaria_19
20,Concessionaria_20
21,Concessionaria_21
22,Concessionaria_22
23,Concessionaria_23
24,Concessionaria_24
25,Concessionaria_25
26,Concessionaria_26
27,Concessionaria_27
28,Concessionaria_28
29,Concessionaria_29
30,Concessionaria_30
